Driver,LapNumber,LapTime,Compound,TyreLife,Stint,Sector1Time,Sector2Time,Sector3Time
VER,2.0,86.401,SOFT,2.0,1.0,28.387,29.504,28.51
VER,3.0,86.181,SOFT,3.0,1.0,28.205,29.457,28.519
VER,4.0,85.782,SOFT,4.0,1.0,27.936,29.17,28.676
VER,5.0,85.512,SOFT,5.0,1.0,27.904,29.341,28.267
VER,6.0,85.66,SOFT,6.0,1.0,28.188,29.273,28.199
VER,7.0,85.297,SOFT,7.0,1.0,28.071,29.065,28.161
VER,8.0,85.618,SOFT,8.0,1.0,28.02,29.303,28.295
VER,9.0,85.886,SOFT,9.0,1.0,28.062,29.337,28.487
VER,10.0,85.953,SOFT,10.0,1.0,28.097,29.415,28.441
VER,11.0,85.858,SOFT,11.0,1.0,28.012,29.461,28.385
VER,13.0,88.719,SOFT,13.0,1.0,30.937,29.383,28.399
VER,14.0,85.615,SOFT,14.0,1.0,28.139,29.153,28.323
VER,15.0,85.794,SOFT,15.0,1.0,28.218,29.284,28.292
VER,16.0,85.903,SOFT,16.0,1.0,28.244,29.252,28.407
VER,17.0,85.87,SOFT,17.0,1.0,28.22,29.382,28.268
VER,18.0,85.985,SOFT,18.0,1.0,28.295,29.373,28.317
VER,19.0,85.799,SOFT,19.0,1.0,28.199,29.274,28.326
VER,20.0,85.75,SOFT,20.0,1.0,28.151,29.329,28.27
VER,21.0,85.79,SOFT,21.0,1.0,28.178,29.399,28.213
VER,22.0,85.901,SOFT,22.0,1.0,28.136,29.482,28.283
VER,23.0,85.719,SOFT,23.0,1.0,28.199,29.376,28.144
VER,24.0,85.8,SOFT,24.0,1.0,28.223,29.331,28.246
VER,25.0,89.712,SOFT,25.0,1.0,28.158,29.438,32.116
VER,27.0,85.012,MEDIUM,2.0,2.0,28.035,28.872,28.105
VER,28.0,85.19,MEDIUM,3.0,2.0,28.036,29.111,28.043
VER,29.0,84.829,MEDIUM,4.0,2.0,28.022,28.944,27.863
VER,30.0,84.798,MEDIUM,5.0,2.0,27.941,28.899,27.958
VER,31.0,85.071,MEDIUM,6.0,2.0,27.98,29.01,28.081
VER,32.0,84.918,MEDIUM,7.0,2.0,27.843,29.079,27.996
VER,33.0,85.095,MEDIUM,8.0,2.0,28.065,29.092,27.938
VER,34.0,84.857,MEDIUM,9.0,2.0,28.005,28.883,27.969
VER,35.0,84.831,MEDIUM,10.0,2.0,27.956,28.979,27.896
VER,36.0,84.919,MEDIUM,11.0,2.0,27.915,28.931,28.073
VER,37.0,84.829,MEDIUM,12.0,2.0,27.903,28.985,27.941
VER,38.0,84.745,MEDIUM,13.0,2.0,27.938,28.944,27.863
VER,39.0,84.815,MEDIUM,14.0,2.0,27.847,29.047,27.921
VER,40.0,84.905,MEDIUM,15.0,2.0,27.924,29.041,27.94
VER,41.0,85.078,MEDIUM,16.0,2.0,27.855,28.879,28.344
VER,42.0,84.926,MEDIUM,17.0,2.0,27.894,29.065,27.967
VER,43.0,85.01,MEDIUM,18.0,2.0,27.862,29.086,28.062
VER,44.0,85.122,MEDIUM,19.0,2.0,27.981,29.038,28.103
VER,45.0,84.824,MEDIUM,20.0,2.0,27.789,29.082,27.953
VER,46.0,85.257,MEDIUM,21.0,2.0,28.027,29.164,28.066
VER,47.0,84.75,MEDIUM,22.0,2.0,27.82,28.951,27.979
VER,50.0,100.364,SOFT,2.0,3.0,35.425,32.663,32.276
GAS,2.0,88.201,MEDIUM,2.0,1.0,28.53,30.484,29.187
GAS,3.0,87.625,MEDIUM,3.0,1.0,28.337,30.012,29.276
GAS,4.0,87.365,MEDIUM,4.0,1.0,28.188,29.911,29.266
GAS,5.0,87.534,MEDIUM,5.0,1.0,28.316,30.137,29.081
GAS,6.0,87.316,MEDIUM,6.0,1.0,28.295,29.886,29.135
GAS,7.0,87.368,MEDIUM,7.0,1.0,28.231,29.919,29.218
GAS,8.0,87.232,MEDIUM,8.0,1.0,28.156,29.983,29.093
GAS,9.0,87.534,MEDIUM,9.0,1.0,28.172,30.142,29.22
GAS,10.0,87.606,MEDIUM,10.0,1.0,28.184,30.159,29.263
GAS,11.0,87.449,MEDIUM,11.0,1.0,28.202,30.058,29.189
GAS,13.0,88.402,MEDIUM,13.0,1.0,28.452,30.393,29.557
GAS,14.0,88.309,MEDIUM,14.0,1.0,28.101,30.854,29.354
GAS,15.0,87.628,MEDIUM,15.0,1.0,28.11,30.355,29.163
GAS,16.0,87.528,MEDIUM,16.0,1.0,28.085,30.289,29.154
GAS,17.0,87.722,MEDIUM,17.0,1.0,28.32,30.266,29.136
GAS,18.0,91.609,MEDIUM,18.0,1.0,28.2,30.317,33.092
GAS,20.0,87.469,HARD,3.0,2.0,28.325,29.951,29.193
GAS,21.0,87.447,HARD,4.0,2.0,28.215,30.016,29.216
GAS,22.0,87.33,HARD,5.0,2.0,28.096,30.117,29.117
GAS,23.0,86.946,HARD,6.0,2.0,28.058,29.904,28.984
GAS,24.0,87.026,HARD,7.0,2.0,28.161,29.89,28.975
GAS,25.0,87.074,HARD,8.0,2.0,28.164,29.992,28.918
GAS,26.0,87.196,HARD,9.0,2.0,28.163,30.091,28.942
GAS,27.0,86.916,HARD,10.0,2.0,28.085,29.914,28.917
GAS,28.0,86.891,HARD,11.0,2.0,28.066,29.908,28.917
GAS,29.0,87.108,HARD,12.0,2.0,28.06,29.965,29.083
GAS,30.0,86.718,HARD,13.0,2.0,28.053,29.863,28.802
GAS,31.0,87.564,HARD,14.0,2.0,28.354,30.263,28.947
GAS,32.0,87.509,HARD,15.0,2.0,28.336,30.24,28.933
GAS,33.0,87.08,HARD,16.0,2.0,28.086,30.032,28.962
GAS,34.0,87.093,HARD,17.0,2.0,28.208,29.876,29.009
GAS,35.0,87.023,HARD,18.0,2.0,28.101,29.905,29.017
GAS,36.0,88.619,HARD,19.0,2.0,28.647,30.698,29.274
GAS,37.0,87.632,HARD,20.0,2.0,28.737,30.152,28.743
GAS,38.0,87.047,HARD,21.0,2.0,28.319,29.957,28.771
GAS,39.0,86.932,HARD,22.0,2.0,28.224,29.876,28.832
GAS,40.0,86.949,HARD,23.0,2.0,28.168,29.957,28.824
GAS,41.0,86.721,HARD,24.0,2.0,28.176,29.74,28.805
GAS,42.0,86.817,HARD,25.0,2.0,28.106,29.819,28.892
GAS,43.0,86.734,HARD,26.0,2.0,28.242,29.663,28.829
GAS,44.0,87.055,HARD,27.0,2.0,28.174,29.883,28.998
GAS,45.0,88.377,HARD,28.0,2.0,28.872,30.55,28.955
GAS,46.0,86.744,HARD,29.0,2.0,28.163,29.847,28.734
GAS,51.0,91.926,HARD,34.0,2.0,30.044,30.911,30.971
GAS,52.0,89.512,HARD,35.0,2.0,29.261,30.522,29.729
PER,2.0,90.459,MEDIUM,2.0,1.0,29.248,31.218,29.993
PER,3.0,87.557,MEDIUM,3.0,1.0,28.702,29.808,29.047
PER,4.0,87.263,MEDIUM,4.0,1.0,28.26,30.245,28.758
PER,5.0,87.266,MEDIUM,5.0,1.0,28.231,29.768,29.267
PER,6.0,87.535,MEDIUM,6.0,1.0,28.285,29.925,29.325
PER,7.0,92.185,MEDIUM,7.0,1.0,28.403,29.792,33.99
PER,9.0,87.176,HARD,2.0,2.0,28.529,29.792,28.855
PER,10.0,86.794,HARD,3.0,2.0,28.438,29.589,28.767
PER,11.0,95.458,HARD,4.0,2.0,28.341,29.737,37.38
PER,12.0,100.78,HARD,5.0,2.0,36.795,35.382,28.603
PER,13.0,86.068,HARD,6.0,2.0,28.342,29.367,28.359
PER,14.0,86.154,HARD,7.0,2.0,28.274,29.447,28.433
PER,15.0,86.102,HARD,8.0,2.0,28.253,29.549,28.3
PER,16.0,86.205,HARD,9.0,2.0,28.371,29.416,28.418
PER,17.0,85.969,HARD,10.0,2.0,28.265,29.412,28.292
PER,18.0,86.902,HARD,11.0,2.0,29.018,29.421,28.463
PER,19.0,86.315,HARD,12.0,2.0,28.259,29.56,28.496
PER,20.0,86.346,HARD,13.0,2.0,28.3,29.622,28.424
PER,21.0,87.185,HARD,14.0,2.0,28.416,29.821,28.948
PER,22.0,86.75,HARD,15.0,2.0,28.397,29.858,28.495
PER,23.0,87.262,HARD,16.0,2.0,28.747,29.68,28.835
PER,24.0,86.742,HARD,17.0,2.0,28.526,29.754,28.462
PER,25.0,86.109,HARD,18.0,2.0,28.287,29.585,28.237
PER,26.0,86.255,HARD,19.0,2.0,28.39,29.525,28.34
PER,27.0,86.13,HARD,20.0,2.0,28.292,29.396,28.442
PER,28.0,86.084,HARD,21.0,2.0,28.347,29.355,28.382
PER,29.0,86.096,HARD,22.0,2.0,28.247,29.465,28.384
PER,30.0,86.19,HARD,23.0,2.0,28.282,29.587,28.321
PER,31.0,86.351,HARD,24.0,2.0,28.25,29.677,28.424
PER,32.0,85.985,HARD,25.0,2.0,28.06,29.549,28.376
PER,33.0,87.146,HARD,26.0,2.0,28.174,30.495,28.477
PER,34.0,86.172,HARD,27.0,2.0,28.097,29.681,28.394
PER,35.0,86.025,HARD,28.0,2.0,28.257,29.486,28.282
PER,36.0,86.165,HARD,29.0,2.0,28.234,29.519,28.412
PER,37.0,85.933,HARD,30.0,2.0,28.278,29.407,28.248
PER,38.0,85.868,HARD,31.0,2.0,28.275,29.373,28.22
PER,39.0,85.57,HARD,32.0,2.0,28.158,29.272,28.14
PER,40.0,85.572,HARD,33.0,2.0,28.147,29.234,28.191
PER,41.0,85.7,HARD,34.0,2.0,28.146,29.325,28.229
PER,42.0,89.491,HARD,35.0,2.0,28.189,29.254,32.048
PER,44.0,84.457,SOFT,2.0,3.0,27.913,28.71,27.834
PER,45.0,84.566,SOFT,3.0,3.0,28.037,28.739,27.79
PER,46.0,84.03,SOFT,4.0,3.0,27.89,28.554,27.586
PER,51.0,93.801,SOFT,9.0,3.0,29.614,33.565,30.622
PER,52.0,87.911,SOFT,10.0,3.0,29.04,30.025,28.846
ALO,2.0,88.272,MEDIUM,2.0,1.0,28.465,30.495,29.312
ALO,3.0,87.607,MEDIUM,3.0,1.0,28.518,29.905,29.184
ALO,4.0,87.417,MEDIUM,4.0,1.0,28.187,30.173,29.057
ALO,5.0,87.502,MEDIUM,5.0,1.0,28.244,30.187,29.071
ALO,6.0,87.446,MEDIUM,6.0,1.0,28.15,30.129,29.167
ALO,7.0,87.203,MEDIUM,7.0,1.0,28.092,29.99,29.121
ALO,8.0,87.415,MEDIUM,8.0,1.0,28.118,30.106,29.191
ALO,9.0,87.487,MEDIUM,9.0,1.0,28.09,30.218,29.179
ALO,10.0,87.975,MEDIUM,10.0,1.0,28.519,30.356,29.1
ALO,11.0,87.748,MEDIUM,11.0,1.0,28.344,30.296,29.108
ALO,13.0,87.45,MEDIUM,13.0,1.0,28.047,30.405,28.998
ALO,14.0,88.185,MEDIUM,14.0,1.0,28.237,30.676,29.272
ALO,15.0,87.867,MEDIUM,15.0,1.0,28.24,30.411,29.216
ALO,16.0,87.472,MEDIUM,16.0,1.0,28.212,30.274,28.986
ALO,17.0,87.682,MEDIUM,17.0,1.0,28.214,30.441,29.027
ALO,18.0,88.351,MEDIUM,18.0,1.0,28.848,30.661,28.842
ALO,19.0,87.324,MEDIUM,19.0,1.0,28.181,30.307,28.836
ALO,20.0,87.728,MEDIUM,20.0,1.0,28.239,30.525,28.964
ALO,21.0,87.668,MEDIUM,21.0,1.0,28.269,30.639,28.76
ALO,22.0,87.615,MEDIUM,22.0,1.0,28.363,30.303,28.949
ALO,23.0,88.055,MEDIUM,23.0,1.0,28.33,30.766,28.959
ALO,24.0,87.83,MEDIUM,24.0,1.0,28.491,30.309,29.03
ALO,25.0,87.452,MEDIUM,25.0,1.0,28.374,30.298,28.78
ALO,26.0,87.583,MEDIUM,26.0,1.0,28.375,30.28,28.928
ALO,27.0,88.363,MEDIUM,27.0,1.0,28.988,30.531,28.844
ALO,28.0,87.865,MEDIUM,28.0,1.0,28.133,30.585,29.147
ALO,29.0,87.698,MEDIUM,29.0,1.0,28.365,30.338,28.995
ALO,30.0,87.385,MEDIUM,30.0,1.0,28.338,30.236,28.811
ALO,31.0,93.429,MEDIUM,31.0,1.0,28.486,30.6,34.343
LEC,2.0,86.535,SOFT,2.0,1.0,28.687,29.26,28.588
LEC,3.0,86.352,SOFT,3.0,1.0,28.359,29.434,28.559
LEC,4.0,85.802,SOFT,4.0,1.0,28.202,29.144,28.456
LEC,5.0,85.902,SOFT,5.0,1.0,28.14,29.351,28.411
LEC,6.0,85.559,SOFT,6.0,1.0,28.042,29.215,28.302
LEC,7.0,85.467,SOFT,7.0,1.0,27.946,29.207,28.314
LEC,8.0,85.784,SOFT,8.0,1.0,28.018,29.412,28.354
LEC,9.0,86.092,SOFT,9.0,1.0,28.075,29.516,28.501
LEC,10.0,86.266,SOFT,10.0,1.0,28.171,29.509,28.586
LEC,11.0,85.796,SOFT,11.0,1.0,28.041,29.321,28.434
LEC,14.0,85.257,MEDIUM,2.0,2.0,28.059,28.915,28.283
LEC,15.0,85.631,MEDIUM,3.0,2.0,28.051,29.332,28.248
LEC,16.0,85.428,MEDIUM,4.0,2.0,27.992,29.286,28.15
LEC,17.0,85.145,MEDIUM,5.0,2.0,27.951,29.157,28.037
LEC,18.0,85.428,MEDIUM,6.0,2.0,28.039,29.212,28.177
LEC,19.0,85.664,MEDIUM,7.0,2.0,28.079,29.324,28.261
LEC,20.0,85.525,MEDIUM,8.0,2.0,28.04,29.257,28.228
LEC,21.0,85.473,MEDIUM,9.0,2.0,27.949,29.304,28.22
LEC,22.0,85.641,MEDIUM,10.0,2.0,27.984,29.409,28.248
LEC,23.0,85.471,MEDIUM,11.0,2.0,28.003,29.298,28.17
LEC,24.0,85.365,MEDIUM,12.0,2.0,27.957,29.261,28.147
LEC,25.0,85.225,MEDIUM,13.0,2.0,27.945,29.289,27.991
LEC,26.0,85.507,MEDIUM,14.0,2.0,28.002,29.308,28.197
LEC,27.0,86.04,MEDIUM,15.0,2.0,27.906,29.793,28.341
LEC,28.0,85.683,MEDIUM,16.0,2.0,27.969,29.465,28.249
LEC,29.0,85.512,MEDIUM,17.0,2.0,27.926,29.382,28.204
LEC,30.0,85.602,MEDIUM,18.0,2.0,28.001,29.395,28.206
LEC,31.0,85.769,MEDIUM,19.0,2.0,28.016,29.474,28.279
LEC,32.0,85.962,MEDIUM,20.0,2.0,27.998,29.583,28.381
LEC,33.0,90.03,MEDIUM,21.0,2.0,28.042,29.627,32.361
LEC,35.0,85.228,SOFT,2.0,3.0,28.03,28.966,28.232
LEC,36.0,84.908,SOFT,3.0,3.0,27.957,28.959,27.992
LEC,37.0,84.51,SOFT,4.0,3.0,27.867,28.717,27.926
LEC,38.0,84.336,SOFT,5.0,3.0,27.695,28.749,27.892
LEC,39.0,84.411,SOFT,6.0,3.0,27.723,28.807,27.881
LEC,40.0,84.745,SOFT,7.0,3.0,27.722,29.025,27.998
LEC,41.0,84.522,SOFT,8.0,3.0,27.675,28.86,27.987
LEC,42.0,84.612,SOFT,9.0,3.0,27.671,28.832,28.109
LEC,43.0,84.532,SOFT,10.0,3.0,27.668,28.786,28.078
LEC,44.0,84.793,SOFT,11.0,3.0,27.762,28.877,28.154
LEC,45.0,85.17,SOFT,12.0,3.0,27.747,28.947,28.476
LEC,46.0,84.452,SOFT,13.0,3.0,27.718,28.711,28.023
LEC,47.0,85.325,SOFT,14.0,3.0,27.688,29.283,28.354
LEC,50.0,99.418,SOFT,5.0,4.0,34.128,34.024,31.266
STR,2.0,88.722,MEDIUM,3.0,1.0,28.753,30.494,29.475
STR,3.0,88.096,MEDIUM,4.0,1.0,28.4,30.485,29.211
STR,4.0,87.618,MEDIUM,5.0,1.0,28.241,30.232,29.145
STR,5.0,87.637,MEDIUM,6.0,1.0,28.204,30.125,29.308
STR,6.0,88.499,MEDIUM,7.0,1.0,28.703,30.6,29.196
STR,7.0,87.694,MEDIUM,8.0,1.0,28.176,30.178,29.34
STR,8.0,87.783,MEDIUM,9.0,1.0,28.442,30.16,29.181
STR,9.0,87.902,MEDIUM,10.0,1.0,28.259,30.168,29.475
STR,10.0,88.014,MEDIUM,11.0,1.0,28.387,30.258,29.369
STR,11.0,88.112,MEDIUM,12.0,1.0,28.325,30.26,29.527
STR,13.0,87.931,MEDIUM,14.0,1.0,28.287,30.263,29.381
STR,14.0,87.527,MEDIUM,15.0,1.0,28.304,30.139,29.084
STR,15.0,87.915,MEDIUM,16.0,1.0,28.252,30.408,29.255
STR,16.0,87.824,MEDIUM,17.0,1.0,28.08,30.405,29.339
STR,17.0,88.819,MEDIUM,18.0,1.0,28.839,30.729,29.251
STR,18.0,92.349,MEDIUM,19.0,1.0,28.188,30.43,33.731
STR,20.0,88.51,HARD,3.0,2.0,28.253,30.877,29.38
STR,21.0,88.442,HARD,4.0,2.0,28.638,30.452,29.352
STR,22.0,87.815,HARD,5.0,2.0,28.11,30.285,29.42
STR,23.0,87.595,HARD,6.0,2.0,28.158,30.254,29.183
STR,24.0,88.746,HARD,7.0,2.0,29.095,30.336,29.315
STR,25.0,87.749,HARD,8.0,2.0,28.12,30.33,29.299
STR,26.0,87.704,HARD,9.0,2.0,28.256,30.234,29.214
STR,27.0,87.491,HARD,10.0,2.0,28.241,30.006,29.244
STR,28.0,87.687,HARD,11.0,2.0,28.177,30.027,29.483
STR,29.0,87.583,HARD,12.0,2.0,28.281,30.003,29.299
STR,30.0,87.499,HARD,13.0,2.0,28.238,29.964,29.297
STR,31.0,87.761,HARD,14.0,2.0,28.162,30.259,29.34
STR,32.0,87.641,HARD,15.0,2.0,28.334,30.085,29.222
STR,33.0,87.5,HARD,16.0,2.0,28.201,30.009,29.29
STR,34.0,87.467,HARD,17.0,2.0,28.231,30.031,29.205
STR,35.0,88.234,HARD,18.0,2.0,28.251,30.058,29.925
STR,36.0,88.569,HARD,19.0,2.0,28.179,30.451,29.939
STR,37.0,88.318,HARD,20.0,2.0,28.206,30.17,29.942
STR,38.0,87.475,HARD,21.0,2.0,28.128,30.072,29.275
STR,39.0,94.274,HARD,22.0,2.0,28.066,29.873,36.335
MAG,2.0,89.935,MEDIUM,2.0,1.0,29.23,31.455,29.25
MAG,3.0,88.221,MEDIUM,3.0,1.0,28.782,30.224,29.215
MAG,4.0,89.212,MEDIUM,4.0,1.0,28.972,30.969,29.271
MAG,5.0,88.126,MEDIUM,5.0,1.0,28.799,30.257,29.07
MAG,6.0,87.918,MEDIUM,6.0,1.0,28.701,30.206,29.011
MAG,7.0,87.833,MEDIUM,7.0,1.0,28.689,30.014,29.13
MAG,8.0,88.877,MEDIUM,8.0,1.0,28.899,30.846,29.132
MAG,9.0,88.644,MEDIUM,9.0,1.0,29.079,30.452,29.113
MAG,10.0,87.835,MEDIUM,10.0,1.0,28.442,30.258,29.135
MAG,11.0,88.421,MEDIUM,11.0,1.0,28.595,30.654,29.172
MAG,13.0,88.457,MEDIUM,13.0,1.0,28.934,30.211,29.312
MAG,14.0,88.137,MEDIUM,14.0,1.0,28.544,30.431,29.162
MAG,15.0,88.232,MEDIUM,15.0,1.0,28.776,30.374,29.082
MAG,16.0,88.755,MEDIUM,16.0,1.0,28.968,30.566,29.221
MAG,17.0,88.144,MEDIUM,17.0,1.0,28.576,30.238,29.33
MAG,18.0,88.771,MEDIUM,18.0,1.0,29.129,30.386,29.256
MAG,19.0,87.88,MEDIUM,19.0,1.0,28.427,30.396,29.057
MAG,20.0,89.423,MEDIUM,20.0,1.0,29.227,30.934,29.262
MAG,21.0,88.625,MEDIUM,21.0,1.0,28.758,30.476,29.391
MAG,22.0,88.395,MEDIUM,22.0,1.0,28.753,30.335,29.307
MAG,23.0,88.011,MEDIUM,23.0,1.0,28.635,30.199,29.177
MAG,24.0,92.278,MEDIUM,24.0,1.0,28.618,30.24,33.42
MAG,26.0,87.631,HARD,2.0,2.0,28.633,30.05,28.948
MAG,27.0,88.535,HARD,3.0,2.0,29.142,30.472,28.921
MAG,28.0,87.082,HARD,4.0,2.0,28.482,29.762,28.838
MAG,29.0,86.853,HARD,5.0,2.0,28.404,29.726,28.723
MAG,30.0,87.2,HARD,6.0,2.0,28.584,29.843,28.773
MAG,31.0,87.763,HARD,7.0,2.0,29.056,29.948,28.759
MAG,32.0,86.976,HARD,8.0,2.0,28.378,29.742,28.856
MAG,33.0,87.203,HARD,9.0,2.0,28.525,29.846,28.832
MAG,34.0,87.087,HARD,10.0,2.0,28.495,29.724,28.868
MAG,35.0,87.034,HARD,11.0,2.0,28.512,29.777,28.745
MAG,36.0,87.156,HARD,12.0,2.0,28.592,29.755,28.809
MAG,37.0,86.798,HARD,13.0,2.0,28.508,29.691,28.599
MAG,38.0,87.075,HARD,14.0,2.0,28.556,29.881,28.638
MAG,39.0,87.498,HARD,15.0,2.0,28.447,29.74,29.311
MAG,40.0,87.061,HARD,16.0,2.0,28.522,29.739,28.8
MAG,41.0,87.645,HARD,17.0,2.0,28.794,29.98,28.871
MAG,42.0,87.416,HARD,18.0,2.0,28.749,29.842,28.825
MAG,43.0,88.341,HARD,19.0,2.0,28.491,30.361,29.489
MAG,44.0,87.224,HARD,20.0,2.0,28.39,30.043,28.791
MAG,45.0,87.573,HARD,21.0,2.0,28.789,30.003,28.781
MAG,46.0,97.824,HARD,22.0,2.0,29.084,30.592,38.148
MAG,50.0,93.236,SOFT,4.0,3.0,29.082,34.006,30.148
MAG,51.0,88.536,SOFT,5.0,3.0,28.477,30.487,29.572
TSU,2.0,89.541,MEDIUM,2.0,1.0,28.607,31.213,29.721
TSU,3.0,89.333,MEDIUM,3.0,1.0,29.393,30.508,29.432
TSU,4.0,88.198,MEDIUM,4.0,1.0,29.101,30.177,28.92
TSU,5.0,87.638,MEDIUM,5.0,1.0,28.424,30.173,29.041
TSU,6.0,87.372,MEDIUM,6.0,1.0,28.054,30.418,28.9
TSU,7.0,87.55,MEDIUM,7.0,1.0,28.251,30.188,29.111
TSU,8.0,87.331,MEDIUM,8.0,1.0,28.239,30.141,28.951
TSU,9.0,87.578,MEDIUM,9.0,1.0,28.229,30.261,29.088
TSU,10.0,87.564,MEDIUM,10.0,1.0,28.312,30.267,28.985
TSU,11.0,88.534,MEDIUM,11.0,1.0,28.48,30.826,29.228
TSU,13.0,87.377,MEDIUM,13.0,1.0,28.238,30.099,29.04
TSU,14.0,87.591,MEDIUM,14.0,1.0,28.29,30.213,29.088
TSU,15.0,87.51,MEDIUM,15.0,1.0,28.182,30.237,29.091
TSU,16.0,87.405,MEDIUM,16.0,1.0,28.144,30.232,29.029
TSU,17.0,87.5,MEDIUM,17.0,1.0,28.164,30.139,29.197
TSU,18.0,87.927,MEDIUM,18.0,1.0,28.182,30.521,29.224
TSU,19.0,92.068,MEDIUM,19.0,1.0,28.416,30.325,33.327
TSU,21.0,87.243,HARD,3.0,2.0,28.064,30.137,29.042
TSU,22.0,87.53,HARD,4.0,2.0,28.427,30.103,29.0
TSU,23.0,87.272,HARD,5.0,2.0,28.268,30.047,28.957
TSU,24.0,87.256,HARD,6.0,2.0,28.344,30.034,28.878
TSU,25.0,87.329,HARD,7.0,2.0,28.3,30.0,29.029
TSU,26.0,87.372,HARD,8.0,2.0,28.362,29.975,29.035
TSU,27.0,87.217,HARD,9.0,2.0,28.254,30.026,28.937
TSU,28.0,86.897,HARD,10.0,2.0,28.12,29.827,28.95
TSU,29.0,87.083,HARD,11.0,2.0,28.186,29.874,29.023
TSU,30.0,87.186,HARD,12.0,2.0,28.248,30.035,28.903
TSU,31.0,87.227,HARD,13.0,2.0,28.186,29.992,29.049
TSU,32.0,87.075,HARD,14.0,2.0,28.225,29.993,28.857
TSU,33.0,87.032,HARD,15.0,2.0,28.219,29.876,28.937
TSU,34.0,87.105,HARD,16.0,2.0,28.168,30.02,28.917
TSU,35.0,87.017,HARD,17.0,2.0,28.027,29.974,29.016
TSU,36.0,87.043,HARD,18.0,2.0,28.193,29.92,28.93
TSU,37.0,87.075,HARD,19.0,2.0,28.221,29.944,28.91
TSU,38.0,86.93,HARD,20.0,2.0,28.158,29.949,28.823
TSU,39.0,86.99,HARD,21.0,2.0,28.124,29.892,28.974
TSU,40.0,87.86,HARD,22.0,2.0,28.142,29.911,29.807
TSU,41.0,87.268,HARD,23.0,2.0,28.086,30.115,29.067
TSU,42.0,87.286,HARD,24.0,2.0,28.165,29.984,29.137
TSU,43.0,86.857,HARD,25.0,2.0,28.067,29.889,28.901
TSU,44.0,87.136,HARD,26.0,2.0,28.158,29.95,29.028
TSU,45.0,87.877,HARD,27.0,2.0,28.221,30.027,29.629
TSU,46.0,87.742,HARD,28.0,2.0,28.318,30.259,29.165
TSU,49.0,92.703,SOFT,2.0,3.0,30.134,31.648,30.921
ZHO,2.0,88.445,MEDIUM,2.0,1.0,28.351,30.834,29.26
ZHO,3.0,87.989,MEDIUM,3.0,1.0,28.386,30.215,29.388
ZHO,4.0,87.296,MEDIUM,4.0,1.0,28.154,29.924,29.218
ZHO,5.0,87.546,MEDIUM,5.0,1.0,28.151,30.265,29.13
ZHO,6.0,87.369,MEDIUM,6.0,1.0,28.141,29.964,29.264
ZHO,7.0,87.3,MEDIUM,7.0,1.0,28.108,29.973,29.219
ZHO,8.0,87.953,MEDIUM,8.0,1.0,28.516,30.196,29.241
ZHO,9.0,87.651,MEDIUM,9.0,1.0,28.161,30.216,29.274
ZHO,10.0,87.471,MEDIUM,10.0,1.0,27.896,30.248,29.327
ZHO,11.0,87.709,MEDIUM,11.0,1.0,28.033,30.319,29.357
ZHO,13.0,87.247,MEDIUM,13.0,1.0,28.111,30.034,29.102
ZHO,14.0,87.611,MEDIUM,14.0,1.0,28.057,30.24,29.314
ZHO,15.0,88.143,MEDIUM,15.0,1.0,28.226,30.571,29.346
ZHO,16.0,87.771,MEDIUM,16.0,1.0,28.113,30.26,29.398
ZHO,17.0,87.774,MEDIUM,17.0,1.0,28.292,30.202,29.28
ZHO,18.0,92.22,MEDIUM,18.0,1.0,28.092,30.339,33.789
ZHO,20.0,87.075,HARD,2.0,2.0,28.213,29.914,28.948
ZHO,21.0,86.598,HARD,3.0,2.0,27.974,29.68,28.944
ZHO,22.0,87.281,HARD,4.0,2.0,28.103,30.104,29.074
ZHO,23.0,87.155,HARD,5.0,2.0,28.23,29.991,28.934
ZHO,24.0,86.996,HARD,6.0,2.0,28.104,30.027,28.865
ZHO,25.0,86.763,HARD,7.0,2.0,28.11,29.864,28.789
ZHO,26.0,86.93,HARD,8.0,2.0,28.117,30.046,28.767
ZHO,27.0,86.904,HARD,9.0,2.0,28.096,29.994,28.814
ZHO,28.0,86.842,HARD,10.0,2.0,28.083,29.915,28.844
ZHO,29.0,86.824,HARD,11.0,2.0,28.051,29.969,28.804
ZHO,30.0,87.098,HARD,12.0,2.0,28.166,30.036,28.896
ZHO,31.0,86.927,HARD,13.0,2.0,28.114,29.947,28.866
ZHO,32.0,87.421,HARD,14.0,2.0,28.199,30.275,28.947
ZHO,33.0,86.896,HARD,15.0,2.0,28.098,29.83,28.968
ZHO,34.0,87.383,HARD,16.0,2.0,28.153,30.25,28.98
ZHO,35.0,87.592,HARD,17.0,2.0,28.53,30.075,28.987
ZHO,36.0,87.669,HARD,18.0,2.0,28.072,30.292,29.305
ZHO,37.0,87.278,HARD,19.0,2.0,28.204,30.313,28.761
ZHO,38.0,87.156,HARD,20.0,2.0,28.083,30.247,28.826
ZHO,39.0,87.224,HARD,21.0,2.0,28.25,30.21,28.764
ZHO,40.0,86.991,HARD,22.0,2.0,28.153,29.959,28.879
ZHO,41.0,86.361,HARD,23.0,2.0,27.972,29.822,28.567
ZHO,42.0,87.208,HARD,24.0,2.0,28.078,30.236,28.894
ZHO,43.0,87.411,HARD,25.0,2.0,28.14,30.054,29.217
ZHO,44.0,88.275,HARD,26.0,2.0,29.179,30.087,29.009
ZHO,45.0,87.156,HARD,27.0,2.0,28.115,30.11,28.931
ZHO,46.0,86.962,HARD,28.0,2.0,28.023,29.957,28.982
ZHO,51.0,92.886,HARD,33.0,2.0,29.995,32.457,30.434
ZHO,52.0,90.037,HARD,34.0,2.0,29.187,30.825,30.025
RIC,2.0,88.398,MEDIUM,2.0,1.0,29.025,30.347,29.026
RIC,3.0,87.818,MEDIUM,3.0,1.0,28.361,30.459,28.998
RIC,4.0,87.26,MEDIUM,4.0,1.0,28.27,30.104,28.886
RIC,5.0,87.441,MEDIUM,5.0,1.0,28.422,30.049,28.97
RIC,6.0,87.406,MEDIUM,6.0,1.0,28.506,30.053,28.847
RIC,7.0,87.222,MEDIUM,7.0,1.0,28.342,29.964,28.916
RIC,8.0,87.266,MEDIUM,8.0,1.0,28.305,30.009,28.952
RIC,9.0,87.567,MEDIUM,9.0,1.0,28.423,30.157,28.987
RIC,10.0,87.661,MEDIUM,10.0,1.0,28.405,30.162,29.094
RIC,11.0,87.466,MEDIUM,11.0,1.0,28.425,30.087,28.954
RIC,13.0,89.644,MEDIUM,13.0,1.0,28.967,30.557,30.12
RIC,14.0,87.727,MEDIUM,14.0,1.0,28.353,30.35,29.024
RIC,15.0,87.711,MEDIUM,15.0,1.0,28.392,30.417,28.902
RIC,16.0,87.509,MEDIUM,16.0,1.0,28.356,30.12,29.033
RIC,17.0,87.614,MEDIUM,17.0,1.0,28.434,30.203,28.977
RIC,18.0,87.753,MEDIUM,18.0,1.0,28.536,30.215,29.002
RIC,19.0,91.516,MEDIUM,19.0,1.0,28.435,29.867,33.214
RIC,21.0,87.372,HARD,2.0,2.0,28.334,30.134,28.904
RIC,22.0,87.37,HARD,3.0,2.0,28.399,30.148,28.823
RIC,23.0,86.911,HARD,4.0,2.0,28.297,29.903,28.711
RIC,24.0,87.094,HARD,5.0,2.0,28.402,29.92,28.772
RIC,25.0,86.971,HARD,6.0,2.0,28.395,29.91,28.666
RIC,26.0,87.173,HARD,7.0,2.0,28.395,29.871,28.907
RIC,27.0,86.918,HARD,8.0,2.0,28.324,29.822,28.772
RIC,28.0,86.972,HARD,9.0,2.0,28.299,29.831,28.842
RIC,29.0,87.175,HARD,10.0,2.0,28.328,29.99,28.857
RIC,30.0,86.938,HARD,11.0,2.0,28.139,29.907,28.892
RIC,31.0,87.317,HARD,12.0,2.0,28.364,30.164,28.789
RIC,32.0,87.498,HARD,13.0,2.0,28.618,30.057,28.823
RIC,33.0,87.143,HARD,14.0,2.0,28.262,30.111,28.77
RIC,34.0,87.1,HARD,15.0,2.0,28.359,29.981,28.76
RIC,35.0,86.978,HARD,16.0,2.0,28.268,29.986,28.724
RIC,36.0,87.207,HARD,17.0,2.0,28.366,29.947,28.894
RIC,37.0,88.336,HARD,18.0,2.0,28.846,30.367,29.123
RIC,38.0,86.778,HARD,19.0,2.0,28.173,29.95,28.655
RIC,39.0,86.603,HARD,20.0,2.0,28.205,29.738,28.66
RIC,40.0,86.759,HARD,21.0,2.0,28.276,29.818,28.665
RIC,41.0,86.751,HARD,22.0,2.0,28.16,29.836,28.755
RIC,42.0,86.775,HARD,23.0,2.0,28.256,29.723,28.796
RIC,43.0,86.751,HARD,24.0,2.0,28.312,29.701,28.738
RIC,44.0,87.184,HARD,25.0,2.0,28.333,29.817,29.034
RIC,45.0,87.296,HARD,26.0,2.0,28.486,29.945,28.865
OCO,2.0,88.849,SOFT,2.0,1.0,28.795,30.824,29.23
OCO,3.0,88.228,SOFT,3.0,1.0,28.597,30.169,29.462
OCO,4.0,87.725,SOFT,4.0,1.0,28.255,29.987,29.483
OCO,5.0,88.005,SOFT,5.0,1.0,28.71,29.942,29.353
OCO,6.0,88.533,SOFT,6.0,1.0,28.625,30.452,29.456
OCO,7.0,87.642,SOFT,7.0,1.0,28.356,29.932,29.354
OCO,8.0,87.379,SOFT,8.0,1.0,28.293,29.716,29.37
OCO,9.0,87.876,SOFT,9.0,1.0,28.294,30.145,29.437
OCO,10.0,88.206,SOFT,10.0,1.0,28.271,30.184,29.751
OCO,11.0,87.655,SOFT,11.0,1.0,28.302,30.057,29.296
OCO,13.0,87.636,SOFT,13.0,1.0,28.198,29.95,29.488
OCO,14.0,87.859,SOFT,14.0,1.0,28.541,30.048,29.27
OCO,15.0,87.709,SOFT,15.0,1.0,28.146,30.105,29.458
OCO,16.0,88.442,SOFT,16.0,1.0,28.344,30.753,29.345
OCO,17.0,88.196,SOFT,17.0,1.0,28.264,30.572,29.36
OCO,18.0,87.885,SOFT,18.0,1.0,28.202,30.263,29.42
OCO,19.0,91.754,SOFT,19.0,1.0,28.417,30.185,33.152
OCO,21.0,87.215,HARD,2.0,2.0,28.383,29.847,28.985
OCO,22.0,87.16,HARD,3.0,2.0,28.315,29.857,28.988
OCO,23.0,87.158,HARD,4.0,2.0,28.304,29.753,29.101
OCO,24.0,87.106,HARD,5.0,2.0,28.275,29.914,28.917
OCO,25.0,87.223,HARD,6.0,2.0,28.404,29.948,28.871
OCO,26.0,87.054,HARD,7.0,2.0,28.321,29.902,28.831
OCO,27.0,86.898,HARD,8.0,2.0,28.361,29.675,28.862
OCO,28.0,86.93,HARD,9.0,2.0,28.344,29.793,28.793
OCO,29.0,87.144,HARD,10.0,2.0,28.385,29.849,28.91
OCO,30.0,87.095,HARD,11.0,2.0,28.341,29.964,28.79
OCO,31.0,86.865,HARD,12.0,2.0,28.313,29.772,28.78
OCO,32.0,86.858,HARD,13.0,2.0,28.327,29.84,28.691
OCO,33.0,87.124,HARD,14.0,2.0,28.363,29.836,28.925
OCO,34.0,86.881,HARD,15.0,2.0,28.227,29.815,28.839
OCO,35.0,86.901,HARD,16.0,2.0,28.2,29.83,28.871
OCO,36.0,86.798,HARD,17.0,2.0,28.231,29.816,28.751
OCO,37.0,86.593,HARD,18.0,2.0,28.219,29.726,28.648
OCO,38.0,86.667,HARD,19.0,2.0,28.175,29.818,28.674
OCO,39.0,86.704,HARD,20.0,2.0,28.099,29.901,28.704
OCO,40.0,86.594,HARD,21.0,2.0,28.136,29.902,28.556
OCO,41.0,86.703,HARD,22.0,2.0,28.078,29.868,28.757
OCO,42.0,86.99,HARD,23.0,2.0,28.034,29.944,29.012
OCO,43.0,87.996,HARD,24.0,2.0,29.187,30.0,28.809
OCO,44.0,87.391,HARD,25.0,2.0,28.429,30.054,28.908
OCO,45.0,86.869,HARD,26.0,2.0,28.221,29.853,28.795
OCO,46.0,87.079,HARD,27.0,2.0,28.199,30.079,28.801
OCO,51.0,93.303,HARD,32.0,2.0,30.505,32.489,30.309
OCO,52.0,90.957,HARD,33.0,2.0,29.583,31.454,29.92
NOR,2.0,88.196,MEDIUM,2.0,1.0,28.396,30.678,29.122
NOR,3.0,87.655,MEDIUM,3.0,1.0,28.395,30.094,29.166
NOR,4.0,87.326,MEDIUM,4.0,1.0,28.188,30.07,29.068
NOR,5.0,87.553,MEDIUM,5.0,1.0,28.338,30.177,29.038
NOR,6.0,87.381,MEDIUM,6.0,1.0,28.25,30.15,28.981
NOR,7.0,87.265,MEDIUM,7.0,1.0,28.226,30.036,29.003
NOR,8.0,87.38,MEDIUM,8.0,1.0,28.176,30.114,29.09
NOR,9.0,87.295,MEDIUM,9.0,1.0,28.085,30.065,29.145
NOR,10.0,87.565,MEDIUM,10.0,1.0,28.283,30.148,29.134
NOR,11.0,88.23,MEDIUM,11.0,1.0,28.846,30.228,29.156
NOR,13.0,88.568,MEDIUM,13.0,1.0,28.559,30.739,29.27
NOR,14.0,87.824,MEDIUM,14.0,1.0,27.938,30.553,29.333
NOR,15.0,88.013,MEDIUM,15.0,1.0,28.376,30.511,29.126
NOR,16.0,87.414,MEDIUM,16.0,1.0,28.173,30.295,28.946
NOR,17.0,87.45,MEDIUM,17.0,1.0,28.142,30.452,28.856
NOR,18.0,87.353,MEDIUM,18.0,1.0,28.304,30.172,28.877
NOR,19.0,87.291,MEDIUM,19.0,1.0,28.244,30.245,28.802
NOR,20.0,87.08,MEDIUM,20.0,1.0,28.38,29.927,28.773
NOR,21.0,87.298,MEDIUM,21.0,1.0,28.35,30.096,28.852
NOR,22.0,86.88,MEDIUM,22.0,1.0,28.255,29.935,28.69
NOR,23.0,86.861,MEDIUM,23.0,1.0,28.314,29.866,28.681
NOR,24.0,87.371,MEDIUM,24.0,1.0,28.325,30.131,28.915
NOR,25.0,86.902,MEDIUM,25.0,1.0,28.237,29.933,28.732
NOR,26.0,87.082,MEDIUM,26.0,1.0,28.229,30.074,28.779
NOR,27.0,86.837,MEDIUM,27.0,1.0,28.225,29.87,28.742
NOR,28.0,87.067,MEDIUM,28.0,1.0,28.264,29.945,28.858
NOR,29.0,86.987,MEDIUM,29.0,1.0,28.23,29.855,28.902
NOR,30.0,86.991,MEDIUM,30.0,1.0,28.288,29.991,28.712
NOR,31.0,86.928,MEDIUM,31.0,1.0,28.285,29.906,28.737
NOR,32.0,87.114,MEDIUM,32.0,1.0,28.275,30.052,28.787
NOR,33.0,87.017,MEDIUM,33.0,1.0,28.159,30.026,28.832
NOR,34.0,87.001,MEDIUM,34.0,1.0,28.217,29.968,28.816
NOR,35.0,91.485,MEDIUM,35.0,1.0,28.203,29.846,33.436
NOR,37.0,85.309,SOFT,4.0,2.0,27.812,29.187,28.31
NOR,38.0,85.167,SOFT,5.0,2.0,27.908,29.141,28.118
NOR,39.0,85.034,SOFT,6.0,2.0,27.838,29.05,28.146
NOR,40.0,84.926,SOFT,7.0,2.0,27.728,29.1,28.098
NOR,41.0,84.799,SOFT,8.0,2.0,27.651,29.05,28.098
NOR,42.0,85.082,SOFT,9.0,2.0,27.753,29.097,28.232
NOR,43.0,84.718,SOFT,10.0,2.0,27.834,28.911,27.973
NOR,44.0,84.891,SOFT,11.0,2.0,27.784,28.983,28.124
NOR,45.0,84.825,SOFT,12.0,2.0,27.795,29.008,28.022
NOR,46.0,84.985,SOFT,13.0,2.0,27.838,29.08,28.067
NOR,51.0,93.826,SOFT,7.0,3.0,30.155,33.454,30.217
NOR,52.0,88.203,SOFT,8.0,3.0,29.593,29.663,28.947
HAM,2.0,90.032,MEDIUM,2.0,1.0,28.716,31.656,29.66
HAM,3.0,88.954,MEDIUM,3.0,1.0,28.808,30.744,29.402
HAM,4.0,88.153,MEDIUM,4.0,1.0,29.25,29.973,28.93
HAM,5.0,87.806,MEDIUM,5.0,1.0,28.139,30.531,29.136
HAM,6.0,87.335,MEDIUM,6.0,1.0,27.997,30.289,29.049
HAM,7.0,87.943,MEDIUM,7.0,1.0,28.313,30.531,29.099
HAM,8.0,87.783,MEDIUM,8.0,1.0,27.936,30.842,29.005
HAM,9.0,86.724,MEDIUM,9.0,1.0,27.982,29.922,28.82
HAM,10.0,87.646,MEDIUM,10.0,1.0,27.964,30.618,29.064
HAM,11.0,87.226,MEDIUM,11.0,1.0,27.95,30.3,28.976
HAM,13.0,87.207,MEDIUM,13.0,1.0,28.068,30.254,28.885
HAM,14.0,87.307,MEDIUM,14.0,1.0,28.349,29.951,29.007
HAM,15.0,87.462,MEDIUM,15.0,1.0,28.215,30.175,29.072
HAM,16.0,87.227,MEDIUM,16.0,1.0,28.019,30.068,29.14
HAM,17.0,86.762,MEDIUM,17.0,1.0,28.076,30.066,28.62
HAM,18.0,87.409,MEDIUM,18.0,1.0,28.512,30.116,28.781
HAM,19.0,86.576,MEDIUM,19.0,1.0,28.141,29.796,28.639
HAM,20.0,87.01,MEDIUM,20.0,1.0,28.323,29.953,28.734
HAM,21.0,86.722,MEDIUM,21.0,1.0,28.207,29.964,28.551
HAM,22.0,86.646,MEDIUM,22.0,1.0,28.163,29.912,28.571
HAM,23.0,87.023,MEDIUM,23.0,1.0,28.206,30.024,28.793
HAM,24.0,88.066,MEDIUM,24.0,1.0,28.38,30.351,29.335
HAM,25.0,87.467,MEDIUM,25.0,1.0,28.344,30.264,28.859
HAM,26.0,87.183,MEDIUM,26.0,1.0,28.195,30.079,28.909
HAM,27.0,87.06,MEDIUM,27.0,1.0,28.145,30.175,28.74
HAM,28.0,86.906,MEDIUM,28.0,1.0,28.285,29.95,28.671
HAM,29.0,86.957,MEDIUM,29.0,1.0,28.282,30.046,28.629
HAM,30.0,87.17,MEDIUM,30.0,1.0,28.229,30.305,28.636
HAM,31.0,86.885,MEDIUM,31.0,1.0,28.249,30.146,28.49
HAM,32.0,86.771,MEDIUM,32.0,1.0,28.183,30.141,28.447
HAM,33.0,91.186,MEDIUM,33.0,1.0,28.148,30.046,32.992
HAM,35.0,85.491,SOFT,2.0,2.0,27.721,29.28,28.49
HAM,36.0,86.376,SOFT,3.0,2.0,28.335,29.886,28.155
HAM,37.0,85.282,SOFT,4.0,2.0,27.955,29.249,28.078
HAM,38.0,84.82,SOFT,5.0,2.0,27.98,28.913,27.927
HAM,39.0,84.714,SOFT,6.0,2.0,27.856,28.869,27.989
HAM,40.0,84.525,SOFT,7.0,2.0,27.856,28.799,27.87
HAM,41.0,84.49,SOFT,8.0,2.0,27.85,28.792,27.848
HAM,42.0,84.471,SOFT,9.0,2.0,27.847,28.748,27.876
HAM,43.0,84.434,SOFT,10.0,2.0,27.839,28.753,27.842
HAM,44.0,84.984,SOFT,11.0,2.0,28.076,28.86,28.048
HAM,45.0,84.845,SOFT,12.0,2.0,27.97,28.891,27.984
HAM,46.0,84.944,SOFT,13.0,2.0,28.011,28.969,27.964
HAM,47.0,100.37,SOFT,14.0,2.0,28.008,34.63,37.732
HAM,51.0,93.562,SOFT,18.0,2.0,30.377,33.487,29.698
HAM,52.0,89.345,SOFT,19.0,2.0,28.936,30.242,30.167
DEV,2.0,88.416,SOFT,2.0,1.0,28.359,30.531,29.526
DEV,3.0,87.566,SOFT,3.0,1.0,28.333,30.106,29.127
DEV,4.0,87.459,SOFT,4.0,1.0,28.01,30.22,29.229
DEV,5.0,87.428,SOFT,5.0,1.0,28.074,30.117,29.237
DEV,6.0,87.466,SOFT,6.0,1.0,28.092,30.12,29.254
DEV,7.0,87.341,SOFT,7.0,1.0,27.978,30.198,29.165
DEV,8.0,87.328,SOFT,8.0,1.0,27.937,30.133,29.258
DEV,9.0,88.071,SOFT,9.0,1.0,28.269,30.414,29.388
DEV,10.0,87.381,SOFT,10.0,1.0,27.876,30.252,29.253
DEV,11.0,87.798,SOFT,11.0,1.0,28.068,30.434,29.296
DEV,13.0,87.451,SOFT,13.0,1.0,27.905,30.281,29.265
DEV,14.0,87.859,SOFT,14.0,1.0,27.968,30.638,29.253
DEV,15.0,88.096,SOFT,15.0,1.0,28.161,30.614,29.321
DEV,16.0,87.554,SOFT,16.0,1.0,28.046,30.494,29.014
DEV,17.0,87.623,SOFT,17.0,1.0,28.076,30.473,29.074
DEV,18.0,87.836,SOFT,18.0,1.0,28.022,30.723,29.091
DEV,19.0,92.409,SOFT,19.0,1.0,27.966,30.603,33.84
DEV,21.0,87.098,MEDIUM,2.0,2.0,28.252,30.013,28.833
DEV,22.0,86.748,MEDIUM,3.0,2.0,28.013,29.777,28.958
DEV,23.0,86.925,MEDIUM,4.0,2.0,28.029,29.942,28.954
DEV,24.0,86.818,MEDIUM,5.0,2.0,27.967,29.995,28.856
DEV,25.0,86.643,MEDIUM,6.0,2.0,27.952,29.816,28.875
DEV,26.0,87.115,MEDIUM,7.0,2.0,27.957,30.009,29.149
DEV,27.0,86.756,MEDIUM,8.0,2.0,27.967,29.852,28.937
DEV,28.0,86.968,MEDIUM,9.0,2.0,27.983,29.967,29.018
DEV,29.0,86.923,MEDIUM,10.0,2.0,27.878,30.062,28.983
DEV,30.0,86.993,MEDIUM,11.0,2.0,28.073,30.025,28.895
DEV,31.0,87.478,MEDIUM,12.0,2.0,27.902,30.44,29.136
DEV,32.0,87.401,MEDIUM,13.0,2.0,27.99,30.319,29.092
DEV,33.0,87.145,MEDIUM,14.0,2.0,27.948,30.14,29.057
DEV,34.0,87.101,MEDIUM,15.0,2.0,27.958,29.946,29.197
DEV,35.0,87.879,MEDIUM,16.0,2.0,27.948,30.19,29.741
DEV,36.0,88.091,MEDIUM,17.0,2.0,28.077,30.78,29.234
DEV,37.0,87.149,MEDIUM,18.0,2.0,28.024,30.345,28.78
DEV,38.0,87.324,MEDIUM,19.0,2.0,28.038,30.385,28.901
DEV,39.0,87.198,MEDIUM,20.0,2.0,28.266,30.131,28.801
DEV,40.0,86.824,MEDIUM,21.0,2.0,28.081,29.902,28.841
DEV,41.0,86.624,MEDIUM,22.0,2.0,27.845,29.888,28.891
DEV,42.0,87.153,MEDIUM,23.0,2.0,28.196,30.017,28.94
DEV,43.0,87.266,MEDIUM,24.0,2.0,28.126,30.167,28.973
DEV,44.0,87.348,MEDIUM,25.0,2.0,28.179,30.005,29.164
DEV,45.0,86.949,MEDIUM,26.0,2.0,27.909,30.087,28.953
DEV,46.0,87.2,MEDIUM,27.0,2.0,28.176,30.218,28.806
DEV,51.0,91.836,MEDIUM,32.0,2.0,29.861,31.888,30.087
DEV,52.0,89.693,MEDIUM,33.0,2.0,29.067,30.643,29.983
MSC,2.0,90.906,MEDIUM,2.0,1.0,29.123,31.421,30.362
MSC,3.0,89.301,MEDIUM,3.0,1.0,29.171,30.444,29.686
MSC,4.0,88.248,MEDIUM,4.0,1.0,28.537,30.472,29.239
MSC,5.0,87.412,MEDIUM,5.0,1.0,28.59,29.833,28.989
MSC,6.0,87.712,MEDIUM,6.0,1.0,28.565,29.961,29.186
MSC,7.0,87.949,MEDIUM,7.0,1.0,28.478,30.097,29.374
MSC,8.0,88.199,MEDIUM,8.0,1.0,28.363,30.411,29.425
MSC,9.0,88.693,MEDIUM,9.0,1.0,28.752,30.418,29.523
MSC,10.0,87.574,MEDIUM,10.0,1.0,28.473,29.849,29.252
MSC,11.0,88.826,MEDIUM,11.0,1.0,28.439,30.883,29.504
MSC,13.0,88.08,MEDIUM,13.0,1.0,28.627,30.177,29.276
MSC,14.0,88.348,MEDIUM,14.0,1.0,28.621,30.27,29.457
MSC,15.0,88.021,MEDIUM,15.0,1.0,28.541,30.327,29.153
MSC,16.0,87.322,MEDIUM,16.0,1.0,28.565,29.971,28.786
MSC,17.0,87.525,MEDIUM,17.0,1.0,28.603,30.006,28.916
MSC,18.0,87.548,MEDIUM,18.0,1.0,28.674,29.961,28.913
MSC,19.0,87.645,MEDIUM,19.0,1.0,28.548,30.066,29.031
MSC,20.0,87.885,MEDIUM,20.0,1.0,28.697,30.163,29.025
MSC,21.0,87.856,MEDIUM,21.0,1.0,28.69,30.153,29.013
MSC,22.0,87.537,MEDIUM,22.0,1.0,28.607,29.975,28.955
MSC,23.0,87.545,MEDIUM,23.0,1.0,28.768,29.911,28.866
MSC,24.0,88.403,MEDIUM,24.0,1.0,29.422,30.049,28.932
MSC,25.0,87.674,MEDIUM,25.0,1.0,28.74,30.197,28.737
MSC,26.0,87.491,MEDIUM,26.0,1.0,28.764,30.001,28.726
MSC,27.0,87.034,MEDIUM,27.0,1.0,28.582,29.76,28.692
MSC,28.0,87.511,MEDIUM,28.0,1.0,28.54,30.005,28.966
MSC,29.0,87.652,MEDIUM,29.0,1.0,28.767,29.989,28.896
MSC,30.0,87.424,MEDIUM,30.0,1.0,28.712,29.961,28.751
MSC,31.0,87.197,MEDIUM,31.0,1.0,28.616,29.856,28.725
MSC,32.0,87.51,MEDIUM,32.0,1.0,28.684,29.994,28.832
MSC,33.0,91.716,MEDIUM,33.0,1.0,28.693,29.958,33.065
MSC,35.0,85.882,SOFT,2.0,2.0,28.066,29.334,28.482
MSC,36.0,86.2,SOFT,3.0,2.0,28.623,29.16,28.417
MSC,37.0,87.488,SOFT,4.0,2.0,28.554,30.589,28.345
MSC,38.0,85.708,SOFT,5.0,2.0,28.292,29.082,28.334
MSC,39.0,86.523,SOFT,6.0,2.0,28.093,29.444,28.986
MSC,40.0,87.339,SOFT,7.0,2.0,28.03,30.298,29.011
MSC,41.0,86.805,SOFT,8.0,2.0,28.385,30.048,28.372
MSC,42.0,86.195,SOFT,9.0,2.0,28.365,29.262,28.568
MSC,43.0,85.298,SOFT,10.0,2.0,28.211,28.983,28.104
MSC,44.0,85.993,SOFT,11.0,2.0,28.371,29.19,28.432
MSC,45.0,86.264,SOFT,12.0,2.0,28.249,29.522,28.493
MSC,46.0,86.242,SOFT,13.0,2.0,28.489,29.352,28.401
MSC,49.0,100.536,SOFT,16.0,2.0,32.404,35.802,32.33
MSC,51.0,93.67,SOFT,18.0,2.0,30.442,31.765,31.463
MSC,52.0,91.571,SOFT,19.0,2.0,30.236,31.646,29.689
VET,2.0,89.616,MEDIUM,3.0,1.0,29.498,30.68,29.438
VET,3.0,88.338,MEDIUM,4.0,1.0,28.164,30.617,29.557
VET,4.0,87.501,MEDIUM,5.0,1.0,27.912,30.225,29.364
VET,5.0,87.928,MEDIUM,6.0,1.0,27.99,30.101,29.837
VET,6.0,88.087,MEDIUM,7.0,1.0,27.991,30.618,29.478
VET,7.0,87.662,MEDIUM,8.0,1.0,27.953,30.271,29.438
VET,8.0,87.956,MEDIUM,9.0,1.0,28.153,30.277,29.526
VET,9.0,87.851,MEDIUM,10.0,1.0,28.025,30.361,29.465
VET,10.0,88.788,MEDIUM,11.0,1.0,28.083,30.322,30.383
SAI,2.0,89.685,MEDIUM,2.0,1.0,28.837,31.165,29.683
SAI,3.0,87.539,MEDIUM,3.0,1.0,28.405,30.042,29.092
SAI,4.0,87.044,MEDIUM,4.0,1.0,27.948,29.825,29.271
SAI,5.0,86.543,MEDIUM,5.0,1.0,27.791,29.904,28.848
SAI,6.0,86.343,MEDIUM,6.0,1.0,27.81,29.79,28.743
SAI,7.0,86.477,MEDIUM,7.0,1.0,27.906,29.669,28.902
SAI,8.0,86.592,MEDIUM,8.0,1.0,27.789,29.892,28.911
SAI,9.0,86.94,MEDIUM,9.0,1.0,27.832,30.061,29.047
SAI,10.0,86.791,MEDIUM,10.0,1.0,27.874,29.966,28.951
SAI,11.0,86.909,MEDIUM,11.0,1.0,27.947,30.016,28.946
SAI,13.0,87.747,MEDIUM,13.0,1.0,28.219,30.423,29.105
SAI,14.0,86.823,MEDIUM,14.0,1.0,28.08,29.857,28.886
SAI,15.0,86.523,MEDIUM,15.0,1.0,28.042,29.816,28.665
SAI,16.0,86.59,MEDIUM,16.0,1.0,28.048,29.907,28.635
SAI,17.0,86.312,MEDIUM,17.0,1.0,28.067,29.74,28.505
SAI,18.0,87.093,MEDIUM,18.0,1.0,28.195,30.078,28.82
SAI,19.0,86.898,MEDIUM,19.0,1.0,28.173,30.013,28.712
SAI,20.0,86.807,MEDIUM,20.0,1.0,28.209,29.921,28.677
SAI,21.0,86.819,MEDIUM,21.0,1.0,28.184,30.006,28.629
SAI,22.0,86.715,MEDIUM,22.0,1.0,28.195,29.972,28.548
SAI,23.0,86.676,MEDIUM,23.0,1.0,28.127,29.987,28.562
SAI,24.0,86.655,MEDIUM,24.0,1.0,28.24,29.889,28.526
SAI,25.0,86.742,MEDIUM,25.0,1.0,28.167,30.072,28.503
SAI,26.0,86.752,MEDIUM,26.0,1.0,28.136,30.094,28.522
SAI,27.0,86.897,MEDIUM,27.0,1.0,28.12,30.22,28.557
SAI,28.0,86.675,MEDIUM,28.0,1.0,28.072,29.993,28.61
SAI,29.0,86.986,MEDIUM,29.0,1.0,28.116,30.166,28.704
SAI,30.0,91.091,MEDIUM,30.0,1.0,28.233,30.158,32.7
SAI,32.0,85.322,SOFT,2.0,2.0,27.855,29.271,28.196
SAI,33.0,85.577,SOFT,3.0,2.0,27.563,29.755,28.259
SAI,34.0,85.313,SOFT,4.0,2.0,27.946,29.235,28.132
SAI,35.0,84.999,SOFT,5.0,2.0,27.826,29.01,28.163
SAI,36.0,85.347,SOFT,6.0,2.0,28.01,29.124,28.213
SAI,37.0,85.014,SOFT,7.0,2.0,27.985,28.951,28.078
SAI,38.0,84.565,SOFT,8.0,2.0,27.87,28.791,27.904
SAI,39.0,84.42,SOFT,9.0,2.0,27.767,28.838,27.815
SAI,40.0,84.652,SOFT,10.0,2.0,27.773,28.888,27.991
SAI,41.0,84.446,SOFT,11.0,2.0,27.74,28.825,27.881
SAI,42.0,84.739,SOFT,12.0,2.0,27.711,28.898,28.13
SAI,43.0,84.599,SOFT,13.0,2.0,27.689,28.808,28.102
SAI,44.0,84.498,SOFT,14.0,2.0,27.785,28.738,27.975
SAI,45.0,84.684,SOFT,15.0,2.0,27.761,28.87,28.053
SAI,46.0,84.58,SOFT,16.0,2.0,27.717,28.991,27.872
SAI,47.0,94.912,SOFT,17.0,2.0,27.691,29.315,37.906
SAI,51.0,93.571,SOFT,4.0,3.0,29.715,33.569,30.287
SAI,52.0,89.168,SOFT,5.0,3.0,28.566,30.46,30.142
LAT,2.0,90.629,MEDIUM,2.0,1.0,28.633,31.547,30.449
LAT,3.0,89.308,MEDIUM,3.0,1.0,29.261,30.765,29.282
LAT,4.0,87.944,MEDIUM,4.0,1.0,28.423,30.315,29.206
LAT,5.0,87.837,MEDIUM,5.0,1.0,28.348,30.237,29.252
LAT,6.0,87.773,MEDIUM,6.0,1.0,28.048,30.411,29.314
LAT,7.0,88.283,MEDIUM,7.0,1.0,28.418,30.686,29.179
LAT,8.0,88.76,MEDIUM,8.0,1.0,28.372,31.015,29.373
LAT,9.0,88.305,MEDIUM,9.0,1.0,28.368,30.597,29.34
LAT,10.0,87.967,MEDIUM,10.0,1.0,28.139,30.339,29.489
LAT,11.0,88.664,MEDIUM,11.0,1.0,27.943,31.409,29.312
LAT,13.0,87.316,MEDIUM,13.0,1.0,27.795,30.307,29.214
LAT,14.0,87.504,MEDIUM,14.0,1.0,28.232,30.216,29.056
LAT,15.0,91.889,MEDIUM,15.0,1.0,28.083,30.354,33.452
LAT,17.0,86.798,HARD,2.0,2.0,28.1,29.783,28.915
LAT,18.0,86.831,HARD,3.0,2.0,28.189,29.707,28.935
LAT,19.0,87.449,HARD,4.0,2.0,28.25,30.127,29.072
LAT,20.0,87.218,HARD,5.0,2.0,28.128,30.141,28.949
LAT,21.0,87.208,HARD,6.0,2.0,27.998,30.159,29.051
LAT,22.0,87.196,HARD,7.0,2.0,28.029,30.137,29.03
LAT,23.0,87.346,HARD,8.0,2.0,28.338,29.995,29.013
LAT,24.0,87.394,HARD,9.0,2.0,28.238,30.208,28.948
LAT,25.0,87.22,HARD,10.0,2.0,28.223,30.086,28.911
LAT,26.0,87.04,HARD,11.0,2.0,28.014,30.101,28.925
LAT,27.0,87.095,HARD,12.0,2.0,28.06,30.173,28.862
LAT,28.0,87.028,HARD,13.0,2.0,28.01,30.031,28.987
LAT,29.0,87.15,HARD,14.0,2.0,28.009,30.153,28.988
LAT,30.0,87.194,HARD,15.0,2.0,28.077,30.262,28.855
LAT,31.0,88.348,HARD,16.0,2.0,28.106,31.136,29.106
LAT,32.0,87.292,HARD,17.0,2.0,28.149,30.192,28.951
LAT,33.0,87.074,HARD,18.0,2.0,28.124,30.036,28.914
LAT,34.0,87.496,HARD,19.0,2.0,28.064,30.352,29.08
LAT,35.0,86.945,HARD,20.0,2.0,28.088,30.012,28.845
LAT,36.0,87.266,HARD,21.0,2.0,28.133,30.145,28.988
LAT,37.0,87.071,HARD,22.0,2.0,28.145,29.959,28.967
LAT,38.0,88.025,HARD,23.0,2.0,28.014,30.099,29.912
LAT,39.0,87.309,HARD,24.0,2.0,28.096,30.246,28.967
LAT,40.0,87.284,HARD,25.0,2.0,28.12,30.26,28.904
LAT,41.0,88.779,HARD,26.0,2.0,28.622,30.973,29.184
LAT,42.0,88.415,HARD,27.0,2.0,28.695,30.464,29.256
LAT,43.0,87.331,HARD,28.0,2.0,28.142,30.125,29.064
LAT,44.0,87.99,HARD,29.0,2.0,28.18,30.063,29.747
LAT,45.0,87.452,HARD,30.0,2.0,28.269,30.087,29.096
LAT,46.0,87.87,HARD,31.0,2.0,28.319,30.498,29.053
LAT,49.0,95.047,SOFT,2.0,3.0,29.856,31.833,33.358
RUS,2.0,86.724,SOFT,2.0,1.0,28.261,29.773,28.69
RUS,3.0,86.432,SOFT,3.0,1.0,28.082,29.671,28.679
RUS,4.0,86.143,SOFT,4.0,1.0,28.095,29.483,28.565
RUS,5.0,86.878,SOFT,5.0,1.0,28.594,29.684,28.6
RUS,6.0,85.761,SOFT,6.0,1.0,27.876,29.456,28.429
RUS,7.0,86.255,SOFT,7.0,1.0,28.038,29.65,28.567
RUS,8.0,86.273,SOFT,8.0,1.0,28.05,29.637,28.586
RUS,9.0,86.404,SOFT,9.0,1.0,28.104,29.722,28.578
RUS,10.0,86.169,SOFT,10.0,1.0,28.031,29.633,28.505
RUS,11.0,86.551,SOFT,11.0,1.0,28.158,29.797,28.596
RUS,13.0,88.268,SOFT,13.0,1.0,30.019,29.717,28.532
RUS,14.0,86.289,SOFT,14.0,1.0,28.084,29.654,28.551
RUS,15.0,86.302,SOFT,15.0,1.0,28.043,29.706,28.553
RUS,16.0,86.396,SOFT,16.0,1.0,28.144,29.713,28.539
RUS,17.0,86.234,SOFT,17.0,1.0,28.059,29.746,28.429
RUS,18.0,86.412,SOFT,18.0,1.0,28.134,29.777,28.501
RUS,19.0,86.452,SOFT,19.0,1.0,28.132,29.828,28.492
RUS,20.0,86.537,SOFT,20.0,1.0,28.159,29.831,28.547
RUS,21.0,86.491,SOFT,21.0,1.0,28.131,29.844,28.516
RUS,22.0,86.714,SOFT,22.0,1.0,28.127,29.881,28.706
RUS,23.0,90.661,SOFT,23.0,1.0,28.059,29.802,32.8
RUS,25.0,85.678,HARD,2.0,2.0,28.052,29.409,28.217
RUS,26.0,85.593,HARD,3.0,2.0,28.115,29.274,28.204
RUS,27.0,85.917,HARD,4.0,2.0,28.242,29.381,28.294
RUS,28.0,85.792,HARD,5.0,2.0,27.957,29.447,28.388
RUS,29.0,86.159,HARD,6.0,2.0,28.066,29.63,28.463
RUS,30.0,86.14,HARD,7.0,2.0,28.12,29.582,28.438
RUS,31.0,85.938,HARD,8.0,2.0,28.19,29.524,28.224
RUS,32.0,86.041,HARD,9.0,2.0,28.27,29.451,28.32
RUS,33.0,85.957,HARD,10.0,2.0,28.177,29.415,28.365
RUS,34.0,86.087,HARD,11.0,2.0,28.001,29.569,28.517
RUS,35.0,85.714,HARD,12.0,2.0,28.108,29.322,28.284
RUS,36.0,85.893,HARD,13.0,2.0,28.083,29.477,28.333
RUS,37.0,85.985,HARD,14.0,2.0,28.158,29.467,28.36
RUS,38.0,85.645,HARD,15.0,2.0,28.066,29.331,28.248
RUS,39.0,85.652,HARD,16.0,2.0,28.008,29.469,28.175
RUS,40.0,85.288,HARD,17.0,2.0,27.985,29.228,28.075
RUS,41.0,85.366,HARD,18.0,2.0,27.897,29.24,28.229
RUS,42.0,85.431,HARD,19.0,2.0,27.851,29.353,28.227
RUS,43.0,85.509,HARD,20.0,2.0,27.957,29.268,28.284
RUS,44.0,86.052,HARD,21.0,2.0,28.192,29.411,28.449
RUS,45.0,86.052,HARD,22.0,2.0,28.386,29.277,28.389
RUS,46.0,85.833,HARD,23.0,2.0,28.076,29.496,28.261
RUS,47.0,92.39,HARD,24.0,2.0,28.082,29.705,34.603
RUS,51.0,93.77,SOFT,7.0,3.0,29.964,33.979,29.827
RUS,52.0,88.695,SOFT,8.0,3.0,28.547,30.285,29.863
BOT,2.0,89.846,MEDIUM,2.0,1.0,28.789,31.268,29.789
BOT,3.0,89.643,MEDIUM,3.0,1.0,29.252,30.893,29.498
BOT,4.0,88.362,MEDIUM,4.0,1.0,28.406,30.678,29.278
BOT,5.0,87.56,MEDIUM,5.0,1.0,28.278,30.291,28.991
BOT,6.0,87.704,MEDIUM,6.0,1.0,28.324,30.129,29.251
BOT,7.0,88.065,MEDIUM,7.0,1.0,28.257,30.343,29.465
BOT,8.0,88.043,MEDIUM,8.0,1.0,28.102,30.359,29.582
BOT,9.0,88.987,MEDIUM,9.0,1.0,28.154,31.154,29.679
BOT,10.0,87.942,MEDIUM,10.0,1.0,28.117,30.383,29.442
BOT,11.0,88.315,MEDIUM,11.0,1.0,28.284,30.421,29.61
BOT,13.0,87.509,MEDIUM,13.0,1.0,28.129,30.105,29.275
BOT,14.0,87.992,MEDIUM,14.0,1.0,28.335,30.251,29.406
BOT,15.0,88.072,MEDIUM,15.0,1.0,28.172,30.438,29.462
BOT,16.0,88.411,MEDIUM,16.0,1.0,28.304,30.674,29.433
BOT,17.0,87.57,MEDIUM,17.0,1.0,28.167,30.211,29.192
BOT,18.0,87.434,MEDIUM,18.0,1.0,28.039,30.276,29.119
BOT,19.0,87.491,MEDIUM,19.0,1.0,28.256,30.15,29.085
BOT,20.0,87.637,MEDIUM,20.0,1.0,28.311,30.185,29.141
BOT,21.0,87.669,MEDIUM,21.0,1.0,28.248,30.127,29.294
BOT,22.0,88.688,MEDIUM,22.0,1.0,28.726,30.746,29.216
BOT,23.0,87.671,MEDIUM,23.0,1.0,28.21,30.29,29.171
BOT,24.0,87.827,MEDIUM,24.0,1.0,28.36,30.245,29.222
BOT,25.0,87.549,MEDIUM,25.0,1.0,28.173,30.206,29.17
BOT,26.0,87.771,MEDIUM,26.0,1.0,28.153,30.348,29.27
BOT,27.0,87.813,MEDIUM,27.0,1.0,28.304,30.335,29.174
BOT,28.0,87.648,MEDIUM,28.0,1.0,28.252,30.138,29.258
BOT,29.0,88.377,MEDIUM,29.0,1.0,28.313,30.742,29.322
BOT,30.0,87.303,MEDIUM,30.0,1.0,28.19,30.162,28.951
BOT,31.0,87.602,MEDIUM,31.0,1.0,28.202,30.368,29.032
BOT,32.0,87.322,MEDIUM,32.0,1.0,28.137,30.262,28.923
BOT,33.0,87.182,MEDIUM,33.0,1.0,28.066,30.087,29.029
BOT,34.0,86.993,MEDIUM,34.0,1.0,28.081,30.02,28.892
BOT,35.0,91.014,MEDIUM,35.0,1.0,28.108,30.096,32.81
BOT,37.0,86.481,SOFT,2.0,2.0,27.624,30.001,28.856
BOT,38.0,86.105,SOFT,3.0,2.0,27.888,29.555,28.662
BOT,39.0,86.123,SOFT,4.0,2.0,27.972,29.463,28.688
BOT,40.0,86.104,SOFT,5.0,2.0,27.898,29.495,28.711
BOT,41.0,86.356,SOFT,6.0,2.0,27.936,29.691,28.729
BOT,42.0,86.197,SOFT,7.0,2.0,27.991,29.471,28.735
BOT,43.0,86.25,SOFT,8.0,2.0,28.004,29.569,28.677
BOT,44.0,86.062,SOFT,9.0,2.0,27.951,29.521,28.59
BOT,45.0,85.706,SOFT,10.0,2.0,27.804,29.416,28.486
BOT,46.0,86.749,SOFT,11.0,2.0,27.881,30.123,28.745
